name,surname,birthDate,gender,telephone,mobilePhone,email,address,state,city,country
Martin,Perez,01/01/01,male,11111111,22222222,MartinPerez@gmail.com,Fake Street 1,Missisipi,Missisipi,USA
Martin,Suarez,01/01/01,male,11111112,22222223,MartinSuarez@gmail.com,Fake Street 2,Missisipi,Missisipi,USA
Martin,Garcia,01/01/01,male,11111113,22222224,MartinGarcia@gmail.com,Fake Street 3,Missisipi,Missisipi,USA
Martin,Gonzales,01/01/01,male,11111114,22222225,MartinGonzales@gmail.com,Fake Street 4,Missisipi,Missisipi,USA
Martin,Zafaroni,01/01/01,male,11111115,22222226,MartinZafaroni@gmail.com,Fake Street 5,Missisipi,Missisipi,USA
Martin,Messi,01/01/01,male,11111116,22222227,MartinMessi@gmail.com,Fake Street 6,Missisipi,Missisipi,USA
Martin,Mascherano,01/01/01,male,11111117,22222228,MartinMascherano@gmail.com,Fake Street 7,Missisipi,Missisipi,USA
Martin,Icardi,01/01/01,male,11111118,22222229,MartinIcardi@gmail.com,Fake Street 8,Missisipi,Missisipi,USA
Martin,Lopez,01/01/01,male,11111119,22222230,MartinLopez@gmail.com,Fake Street 9,Missisipi,Missisipi,USA
Martin,Nara,01/01/01,male,11111120,22222231,MartinNara@gmail.com,Fake Street 10,Missisipi,Missisipi,USA
Martin,Batistuta,01/01/01,male,11111121,22222232,MartinBatistuta@gmail.com,Fake Street 11,Missisipi,Missisipi,USA
Martin,Maradona,01/01/01,male,11111122,22222233,MartinMaradona@gmail.com,Fake Street 12,Missisipi,Missisipi,USA
Martin,Simeone,01/01/01,male,11111123,22222234,MartinSimeone@gmail.com,Fake Street 13,Missisipi,Missisipi,USA
Martin,Sorin,01/01/01,male,11111124,22222235,MartinSorin@gmail.com,Fake Street 14,Missisipi,Missisipi,USA
